<?xml version="1.0" encoding="UTF-8"?>
<project-private xmlns="http://www.netbeans.org/ns/project-private/1">
    <editor-bookmarks xmlns="http://www.netbeans.org/ns/editor-bookmarks/2" lastBookmarkId="0"/>
    <open-files xmlns="http://www.netbeans.org/ns/projectui-open-files/2">
        <group>
            <file>file:/D:/postoffice/src/mainpkg/Letter.java</file>
            <file>file:/D:/postoffice/src/mainpkg/HomepageController.java</file>
            <file>file:/D:/postoffice/src/mainpkg/CreateaccountController.java</file>
            <file>file:/D:/postoffice/src/mainpkg/OrderHistoryController.java</file>
            <file>file:/D:/postoffice/src/mainpkg/Customer.java</file>
        </group>
    </open-files>
</project-private>
